"CID","HBondDonorCount","HBondAcceptorCount","XLogP","TPSA"
11,0,0,1.500,0.0
135,2,3,1.600,57.5
176,1,2,-0.2,37.3
243,1,2,1.900,37.3
280,0,2,0.9,34.1
281,0,1,0.7,1.0
284,1,2,-0.2,37.3
299,0,1,3.9,17.1
379,1,2,3.000,37.3
612,2,3,-0.700,57.5
702,1,1,-0.100,20.2
712,0,1,1.2,17.1
727,0,0,3.800,0.0
784,2,2,-0.9,40.5
802,2,2,1.400,53.1
931,0,0,3.300,0.0
947,0,2,0.1,47.6
991,0,6,3.800,106.0
992,1,1,5.100,20.2
1004,3,4,-2.1,77.8
1032,1,2,0.300,37.3
1045,2,2,-0.9,52.0
1068,0,1,0.9,25.3
1118,2,4,-1.4,83.0
1176,2,1,-1.4,69.1
1480,1,3,3.300,46.5
1486,1,3,2.800,46.5
1489,1,3,3.500,46.5
1639,2,3,-0.400,67.6
1732,1,1,3.100,20.2
1923,1,2,2.000,33.1
1982,1,4,-0.800,80.7
1988,0,2,3.200,29.5
2078,0,2,3.500,29.5
2087,0,0,4.5,0.0
2256,2,5,2.600,62.7
2268,0,7,2.800,121.0
2314,1,4,1.700,56.8
2319,0,8,5.300,94.9
2328,1,4,2.800,74.9
2450,2,4,-0.6,86.3
2519,0,3,-0.100,58.4
2566,1,3,2.300,47.6
2728,1,2,3.500,38.3
2730,0,5,5.300,72.7
2871,0,6,4.500,86.1
2912,0,4,6.000,59.3
2943,0,4,4.400,52.6
2969,1,2,4.100,37.3
3017,0,6,3.800,85.6
3030,1,3,2.200,46.5
3031,0,1,2.700,23.8
3037,2,2,4.300,40.5
3039,0,4,1.400,44.8
3048,0,1,3.7,12.5
3082,1,5,0.800,105.0
3118,0,5,4.000,101.0
3120,1,1,2.700,32.3
3224,0,4,3.800,54.7
3225,2,5,-0.5,83.8
3239,4,6,4.8,107.0
3286,0,8,5.100,152.0
3289,0,4,3.600,76.9
3293,1,2,3.1,21.3
3314,1,2,2.000,29.5
3346,0,5,4.100,85.1
3347,0,4,6.200,59.3
3352,1,11,4.5,104.0
3374,1,5,2.9,57.6
3444,0,3,3.600,39.9
3485,0,2,-0.5,34.1
3496,4,6,-4.6,107.0
3526,5,3,1.7,141.0
3589,0,0,4.3,0.0
3598,2,2,7.500,40.5
3776,1,1,0.3,20.2
3893,1,2,4.200,37.3
4004,0,8,2.400,128.0
4096,1,4,-0.9,77.6
4101,0,4,0.3,13.0
4109,1,4,0.600,76.0
4115,0,2,5.100,18.5
4130,0,6,2.900,106.0
4169,0,2,3.100,29.5
4420,0,4,2.5,44.8
4618,0,6,-0.700,97.1
4685,0,0,3.400,0.0
4690,0,3,2.7,49.8
4767,0,3,6.200,35.5
4790,0,5,3.600,101.0
4793,0,6,4.400,105.0
4794,3,5,-5.000,101.0
4875,0,1,"",0.0
4929,2,6,3.500,88.0
4931,0,1,2.200,20.3
4933,1,1,3.100,29.1
4936,0,5,5.0,64.0
4937,2,5,2.900,62.7
4944,1,3,1.500,47.6
5053,0,3,6.100,39.4
5125,0,4,3.200,93.0
5192,2,4,2.100,74.6
5216,2,5,2.200,62.7
5234,0,1,"",0.0
5338,2,6,1.700,106.0
5383,1,4,1.6,86.4
5392,0,9,6.000,145.0
5430,1,3,2.500,69.8
5455,0,4,1.7,121.0
5543,0,2,4.4,45.6
5569,0,8,5.300,94.9
5759,1,2,2.900,37.3
5794,0,5,3.7,46.2
5853,1,4,0.500,55.8
5862,3,4,-2.500,64.3
5943,0,0,2.8,0.0
5988,8,11,-3.700,190.0
5993,0,0,4.9,0.0
6129,1,2,2.400,38.3
6209,1,2,"",20.2
6323,0,0,1.0,0.0
6325,0,0,1.2,0.0
6336,0,3,2.900,54.5
6343,1,1,0.9,1.0
6348,0,2,2.1,64.2
6354,0,1,-0.1,12.5
6418,1,2,1.3,37.3
6423,0,2,2.100,45.8
6466,3,6,0.200,104.0
6492,0,0,2.5,0.0
6531,0,10,4.3,170.0
6564,0,0,1.8,0.0
6585,1,3,-0.4,46.5
6635,0,3,4.300,51.8
6636,0,3,3.700,51.8
6643,1,1,3.900,20.2
6654,0,0,2.8,0.0
6719,0,3,3.700,51.2
6720,0,2,4.200,45.8
6733,0,3,2.6,51.2
6758,0,6,4.100,63.2
6780,0,2,3.400,34.1
6795,0,0,1.4,7.8
6861,1,1,2.100,43.1
6862,1,2,2.700,37.3
6885,0,2,0.800,26.3
6989,1,1,3.300,20.2
7017,1,1,3.100,20.2
7095,0,0,4.000,0.0
7153,1,3,3.100,46.5
7158,1,3,3.800,46.5
7204,1,3,2.600,46.5
7207,1,3,3.600,46.5
7328,0,4,5.100,59.8
7362,0,2,0.400,30.2
7430,1,3,2.900,71.8
7439,0,1,2.4,17.1
7456,1,3,2.000,46.5
7474,0,2,2.400,45.8
7541,1,4,3.000,50.7
7551,1,2,3.200,38.3
7560,1,1,1.000,32.3
7628,3,3,"",60.7
7639,0,1,5.2,25.3
7794,0,1,3.0,17.1
7839,0,0,2.000,0.0
7858,1,1,0.200,20.2
7873,0,7,0.4,80.3
8025,0,2,0.5,26.3
8050,0,2,4.700,26.3
8058,0,0,3.900,0.0
8081,0,3,-0.400,27.7
8091,0,2,3.600,26.3
8158,1,2,3.500,37.3
8163,0,1,4.100,17.1
8174,1,1,4.600,20.2
8193,1,1,5.100,20.2
8205,0,2,5.600,26.3
8209,1,1,6.200,20.2
8257,1,1,0.800,20.2
8264,0,4,-0.100,23.6
8268,1,1,4.300,20.2
8286,0,1,"",0.0
8292,0,6,2.200,96.1
8297,1,5,1.100,105.0
8305,0,2,5.100,42.5
8330,0,2,3.900,45.8
8342,0,2,3.400,34.1
8370,0,0,5.700,0.0
8381,0,6,3.3,92.4
8393,0,3,1.4,47.4
8422,1,3,2.500,46.5
8425,1,1,4.000,20.2
8427,1,3,3.400,46.5
8594,2,3,3.5,66.4
8606,0,3,2.400,62.7
8607,0,3,2.800,62.7
8630,2,3,2.0,63.3
8722,0,4,"",72.7
8753,0,1,"",0.0
8797,0,2,2.100,26.3
8800,1,1,1.900,32.3
8809,0,5,4.6,64.0
8843,0,1,3.0,17.1
9011,0,3,5.0,75.9
9272,0,6,2.0,85.6
9298,0,4,5.100,59.8
9411,1,2,2.100,49.4
9477,0,3,5.200,50.6
9502,1,2,3.200,41.6
9864,1,2,-0.3,49.8
10087,2,3,2.0,57.5
10107,0,4,3.100,44.8
10112,0,3,"",63.2
10234,0,6,4.600,118.0
10340,0,3,"",63.2
10522,1,3,4.3,46.5
10606,0,4,3.7,44.8
10788,0,3,1.3,63.9
10800,1,5,2.100,112.0
10813,0,3,2.0,29.0
11057,0,3,"",9.5
11145,1,1,3.800,32.3
11167,0,2,0.900,44.4
11304,0,0,4.400,0.0
11442,0,3,4.800,43.4
11487,1,1,3.500,12.0
12232,0,2,1.800,50.6
12393,0,2,7.700,26.3
12531,0,2,6.700,26.3
12541,0,5,2.700,101.0
12542,1,2,-1.000,43.1
12898,0,6,3.900,74.3
12901,0,6,2.800,113.0
12932,1,7,4.200,130.0
12968,0,2,3.200,45.6
12988,1,1,1.3,20.2
13081,0,5,5.300,101.0
13214,0,3,"",68.9
13263,2,6,3.000,88.0
13290,2,7,2.800,97.3
13450,2,6,3.700,88.0
13526,0,5,1.000,86.1
13676,0,3,3.900,66.6
13707,0,6,1.000,98.5
13709,0,8,2.400,143.0
13728,0,1,3.000,20.3
13745,0,4,3.500,44.8
13783,0,7,4.300,127.0
13837,0,0,0.9,0.0
13904,2,6,2.700,88.0
14145,0,6,3.600,74.3
14210,1,5,-0.900,89.9
14215,0,2,3.800,45.6
14250,0,1,"",0.0
14251,0,0,7.000,0.0
14322,1,2,1.700,38.3
14337,0,2,4.100,45.6
14778,0,1,"",17.1
14780,0,2,"",0.0
14798,1,1,"",1.0
14846,1,2,-0.200,29.5
14993,0,2,4.6,12.5
14994,1,5,3.400,112.0
15115,0,6,2.5,133.0
15331,2,4,-3.1,69.6
15530,1,2,2.000,44.0
15531,1,2,3.500,44.0
15546,1,3,0.800,58.7
15553,1,3,2.3,50.2
15583,0,0,4.4,0.0
15629,1,2,2.300,41.6
15666,1,2,"",25.8
15787,0,3,4.300,55.0
15910,0,2,2.900,47.6
15939,0,0,1.7,7.8
15951,1,5,3.300,53.9
15965,2,4,2.2,76.2
16003,0,2,3.800,45.6
16007,2,3,1.600,82.3
16073,1,2,3.100,38.3
16115,1,2,3.500,41.6
16116,2,1,3.300,41.1
16181,0,2,4.200,45.6
16248,1,3,2.900,63.6
16315,0,3,2.6,75.9
16422,0,4,5.200,59.8
16554,1,1,2.4,32.3
16556,1,1,2.3,32.3
16559,1,2,1.7,49.4
16562,1,4,2.400,32.3
16653,0,2,3.200,45.6
16685,0,1,6.5,25.3
16686,0,0,6.3,0.0
16769,0,4,2.400,44.8
16774,1,5,2.5,105.0
16826,1,1,4.300,29.1
16945,0,0,5.300,0.0
17038,0,3,3.800,62.7
17109,0,5,3.1,93.4
17110,3,3,"",102.0
17169,2,3,2.6,57.5
17345,0,6,1.500,113.0
17432,0,4,2.500,63.2
17434,0,7,2.4,123.0
17435,0,6,3.700,102.0
17516,1,2,3.100,38.3
17517,1,2,2.300,38.3
17531,0,7,3.400,121.0
17581,0,2,3.100,18.5
17607,0,4,0.7,42.5
17748,1,3,2.100,60.2
17947,0,2,4.100,26.3
18290,1,2,2.400,41.6
18743,0,0,1.1,0.0
18771,0,6,2.800,132.0
18996,0,3,4.700,29.5
19167,0,6,"",182.0
19395,0,7,3.9,110.0
19402,0,3,4.300,51.2
19518,1,3,"",69.2
19588,1,2,2.800,38.3
19649,12,15,-8.0,336.0
19662,1,4,2.1,82.9
19756,1,2,2.2,41.8
19999,0,4,"",80.3
20226,1,4,3.6,63.6
20848,0,7,3.700,137.0
20965,0,4,6.100,59.8
21207,0,5,3.500,87.9
21307,1,3,2.100,63.6
21330,1,4,0.700,80.8
21803,0,5,4.300,72.7
21929,1,5,3.300,63.0
21954,2,2,-0.800,58.2
22094,1,3,4.7,46.5
22188,1,2,1.900,49.4
22206,2,5,3.100,62.7
22772,0,4,1.7,98.2
23256,1,3,1.4,74.5
23421,1,4,0.500,56.8
23558,0,1,"",0.0
23715,1,1,3.800,29.1
23717,0,5,3.900,70.1
24393,0,4,"",88.6
24404,0,0,-0.1,0.0
24456,0,8,"",173.0
24470,0,3,"",62.9
24482,2,4,"",92.6
24540,3,4,"",85.4
24563,0,0,"",0.0
24685,1,2,2.600,38.3
24743,2,4,3.400,76.7
24744,2,4,3.600,76.7
24781,1,2,0.1,38.3
24798,0,6,"",126.0
24823,0,2,-1.7,41.1
24833,0,4,"",88.6
24850,0,12,"",266.0
24861,0,4,"",86.2
24870,0,1,1.4,18.1
24874,1,1,0.6,26.0
24877,0,21,"",407.0
24883,0,0,1.7,0.0
25146,0,6,3.8,113.0
25429,2,3,1.500,67.0
25572,1,4,1.6,55.2
25670,0,5,4.500,101.0
25912,1,2,3.100,41.6
26033,0,8,3.1,116.0
26049,0,0,2.8,0.0
26124,0,6,4.400,85.6
26229,1,3,2.200,46.5
26576,1,3,2.400,50.8
26597,0,6,5.5,44.1
26694,1,2,3.300,37.3
26710,0,6,"",109.0
26927,0,6,4.400,95.9
27159,2,5,0.0,140.0
27189,0,2,3.400,29.5
27195,1,1,2.800,29.1
27295,0,8,3.700,101.0
27375,1,1,2.400,32.3
27689,2,3,1.600,67.4
27760,0,2,0.6,30.7
27982,2,3,-1.0,57.5
28127,0,7,"",0.0
28169,0,2,4.8,26.3
28292,0,4,3.8,76.9
28299,0,7,"",0.0
28780,2,4,2.100,85.2
28935,0,4,5.500,59.8
28936,1,3,4.8,46.5
29216,1,3,1.9,73.5
29307,0,6,4.2,85.8
29393,1,8,2.1,163.0
29697,1,3,1.2,57.6
29732,0,4,4.800,51.1
29863,1,2,1.600,41.6
30332,0,0,"",0.0
30479,1,5,1.700,96.4
30684,0,6,0.700,98.5
30692,0,5,3.100,116.0
30773,2,6,2.200,86.5
30856,0,1,"",17.1
30859,0,5,6.000,85.1
31070,1,5,3.200,72.9
31099,1,3,1.200,53.9
31200,0,6,3.300,106.0
31645,0,5,1.700,58.6
31677,0,2,4.500,29.5
31899,2,3,"",53.9
31957,0,7,4.800,88.8
32154,1,1,3.2,29.1
32184,0,6,3.500,90.5
32490,1,3,1.2,41.6
32518,0,2,6.9,12.5
32739,0,4,3.100,75.8
32872,1,6,4.100,88.9
32921,1,7,0.8,86.4
33257,2,4,-1.5,89.6
33294,0,4,3.200,60.8
33360,0,5,2.7,70.2
33443,2,6,3.200,72.0
33528,0,2,3.5,45.6
33565,2,4,2.8,64.7
33775,1,6,2.300,44.7
34192,0,2,3.400,45.6
34313,1,2,3.0,42.2
34468,1,9,3.2,121.0
34526,0,7,4.200,88.8
34766,1,3,1.900,63.6
35699,2,2,0.8,61.4
35970,0,4,1.2,79.1
36242,0,2,3.000,37.4
36250,0,4,4.600,64.3
36324,0,2,5.500,28.0
36565,1,5,5.1,104.0
36584,2,6,3.100,72.0
36606,0,5,5.600,94.9
36679,1,1,2.900,32.3
36867,0,2,3.400,45.6
36870,0,4,4.900,75.8
36879,1,4,1.2,76.0
37123,2,4,3.900,58.2
37125,0,5,4.900,101.0
37175,0,2,3.800,27.0
37419,1,6,4.7,108.0
37517,1,3,3.100,69.7
37523,0,2,4.400,45.6
37829,0,1,2.4,20.3
37869,1,8,3.3,97.1
37995,0,7,3.200,94.8
38235,1,4,2.2,76.0
38479,1,5,5.200,104.0
38687,1,4,5.000,55.8
38779,0,4,4.700,60.8
38854,1,4,0.700,71.0
38884,1,7,2.700,92.8
39040,0,3,1.700,58.4
39223,0,6,3.9,90.5
39230,0,5,4.500,81.4
39327,0,7,4.700,64.3
39385,0,4,2.800,57.0
39425,0,0,4.3,8.8
39676,0,3,3.100,46.6
39681,0,6,3.300,103.0
39722,0,2,2.300,29.5
39965,0,2,1.3,56.2
40087,2,4,1.3,95.2
40326,0,3,6.500,35.5
40585,0,4,6.200,59.3
40896,2,7,2.000,83.6
41368,1,4,3.100,60.2
41381,0,8,5.100,94.9
41384,0,5,5.700,67.3
41385,0,4,-0.5,85.0
41428,1,4,3.0,59.4
41463,0,5,6.6,77.4
41632,1,2,3.700,38.3
41648,1,3,1.6,58.4
42504,0,4,2.600,59.8
42586,0,4,1.600,55.8
42614,2,5,0.7,104.0
42807,1,4,2.900,57.6
42850,0,3,2.7,46.6
43079,0,5,3.200,20.3
43226,1,3,3.600,46.0
43233,0,4,2.300,49.2
43234,0,4,3.500,49.2
43359,0,3,3.1,42.7
44073,1,8,3.000,92.4
44178,0,3,3.300,54.8
44465,0,8,6.2,94.9
47326,0,4,5.700,59.3
47445,2,6,5.600,67.4
47491,2,7,2.3,132.0
47759,0,6,4.700,93.6
47866,3,6,-0.200,103.0
47898,1,5,3.700,38.3
48132,0,4,8.000,59.3
49384,0,2,2.7,38.1
50367,0,3,3.8,61.2
50465,2,6,1.8,85.4
50590,0,3,2.5,46.6
50895,1,8,4.2,68.6
50980,0,7,6.200,68.6
51369,0,3,3.400,46.6
51556,1,9,2.400,127.0
51574,0,5,2.700,72.9
51605,1,4,4.300,56.8
52999,2,9,1.5,158.0
53309,1,3,3.800,50.9
53597,3,5,"",104.0
53735,0,4,1.8,59.1
54382,0,9,5.4,26.3
54738,2,5,1.2,91.6
54739,2,5,2.5,91.6
54740,2,5,2.0,91.6
54778,0,2,2.5,29.5
54886,0,7,4.200,93.6
54901,0,5,6.000,26.3
55790,0,3,2.500,34.5
58167,0,0,5.6,0.0
61021,0,4,1.100,36.9
61103,0,0,4.5,0.0
61546,0,2,"",0.0
61899,0,2,5.800,12.5
61906,0,1,"",0.0
61938,1,5,-0.1,93.2
62020,0,2,3.9,45.6
62155,0,9,1.700,160.0
62210,0,9,5.2,94.9
62276,0,10,4.100,108.0
62306,0,2,2.8,29.5
62389,2,4,2.100,66.5
62581,0,1,"",0.0
62773,0,4,1.3,44.8
65174,8,11,-6.7,221.0
65420,1,7,0.0,83.4
66461,1,3,3.700,50.9
69985,0,3,"",68.9
71245,0,3,7.000,27.7
71482,0,7,1.0,103.0
71777,2,11,6.400,67.4
71853,29,47,-21.4,808.0
73281,2,9,0.6,161.0
73282,2,8,2.3,141.0
73665,0,3,4.600,47.4
73668,1,7,3.3,55.2
73669,0,1,4.700,12.5
73670,0,4,3.200,51.6
73671,1,3,3.200,50.9
73672,1,5,3.9,73.6
73674,2,10,1.6,186.0
73675,0,4,"",30.7
75778,0,2,16.3,26.3
77338,0,2,4.200,25.8
78458,2,3,2.600,66.4
79241,1,2,1.4,45.5
80277,0,7,4.4,39.9
81769,0,2,4.0,26.3
83975,0,4,4.700,63.7
84098,0,8,2.4,85.6
85543,0,2,4.8,26.3
85712,1,1,3.4,20.2
85734,1,1,3.2,20.2
86102,1,3,3.700,50.9
86122,0,8,4.600,92.1
86132,1,3,2.900,50.9
86134,1,6,3.400,81.8
86137,2,6,0.9,101.0
86138,0,3,3.200,54.5
86160,0,3,4.2,21.7
86173,0,5,4.000,58.4
86175,0,7,4.300,79.8
86210,1,3,3.7,50.9
86211,1,3,4.1,50.9
86222,0,7,4.0,62.2
86233,1,3,3.1,50.9
86268,1,8,4.4,100.0
86296,1,3,3.3,37.8
86298,0,4,3.9,48.0
86306,0,6,2.7,103.0
86309,2,6,6.100,79.8
86353,1,9,4.6,83.0
86354,1,2,4.500,46.9
86355,2,11,0.3,189.0
86356,0,3,5.700,35.0
86367,1,3,3.1,37.8
86369,1,7,2.3,90.5
86398,1,5,2.6,58.0
86412,0,5,2.3,96.4
86417,0,5,4.0,63.4
86422,1,8,3.2,116.0
86426,2,10,1.9,188.0
86429,0,9,3.6,83.6
86443,2,8,1.6,145.0
87176,0,7,3.400,139.0
88916,1,3,2.9,70.2
89594,0,2,1.200,16.1
90590,1,2,2.2,42.2
90756,1,3,3.400,57.6
91466,0,2,1.6,23.6
91587,0,4,1.400,64.1
91596,1,6,-0.2,129.0
91612,1,4,2.600,74.2
91625,0,10,6.4,65.6
91627,1,3,2.900,57.6
91634,0,2,"",30.7
91644,0,2,4.100,29.5
91650,1,3,2.9,37.8
91655,0,4,4.6,59.8
91656,1,4,4.200,60.2
91664,0,4,4.7,59.8
91665,0,1,1.600,20.3
91673,0,4,3.000,49.2
91677,0,4,3.400,20.3
91679,0,2,3.6,45.6
91683,1,4,2.200,46.0
91687,0,5,3.800,96.2
91692,1,1,4.800,32.3
91693,0,2,4.4,30.7
91694,0,1,5.5,3.2
91699,0,6,4.0,39.4
91701,1,8,2.900,68.6
91708,2,9,6.7,80.3
91715,0,7,4.5,67.4
91716,0,4,3.200,70.7
91724,1,1,4.300,39.6
91727,1,5,2.300,50.9
91731,1,12,6.0,117.0
91733,1,8,2.900,68.6
91734,2,6,4.900,58.2
91735,1,8,4.6,51.2
91739,1,3,3.0,50.2
91740,0,2,4.600,45.6
91741,2,9,5.700,67.4
91742,1,4,2.800,56.8
91744,0,3,2.6,57.8
91749,1,3,2.7,50.2
91751,2,10,3.4,132.0
91752,0,4,3.3,76.9
91753,0,4,4.8,40.6
91754,0,3,5.2,58.0
91755,1,6,4.5,38.3
91756,3,10,1.8,170.0
91757,0,10,4.8,97.6
91758,0,5,2.0,97.2
91759,1,8,1.6,97.6
91760,0,5,1.5,93.7
91762,3,8,2.000,156.0
91766,2,9,6.3,67.4
91768,1,8,7.7,71.4
91770,2,5,1.6,91.6
91771,1,3,8.3,62.6
91772,2,9,0.9,160.0
91773,1,2,3.900,49.4
91774,3,13,3.3,165.0
91776,0,10,3.9,76.8
91777,2,10,-0.2,174.0
91778,0,5,4.5,38.0
91779,2,10,0.7,183.0
92299,0,1,3.4,20.3
92316,1,3,2.4,41.5
92383,0,4,3.700,61.2
92389,1,4,3.800,81.1
92395,1,10,3.000,119.0
92420,2,10,1.4,159.0
92425,0,5,1.8,66.9
92430,0,3,"",18.5
92433,2,8,3.0,145.0
93200,0,6,"",55.4
93315,0,4,7.6,60.4
93357,0,4,6.000,59.3
93365,0,2,5.2,12.5
93379,2,2,2.4,54.0
93422,0,4,0.9,69.1
93460,0,5,3.800,78.6
93482,1,2,4.800,38.3
93483,0,4,5.8,68.4
93528,0,4,5.5,48.4
93532,0,5,2.8,77.6
93539,2,11,2.0,141.0
93541,2,12,5.800,76.7
94498,0,4,4.100,51.1
100633,0,4,3.8,48.7
104770,0,3,1.5,57.2
104926,0,5,6.200,59.3
105010,1,3,4.6,58.6
107646,0,6,1.5,115.0
107720,0,11,4.8,107.0
107901,0,4,3.2,43.2
108581,0,2,4.3,26.3
114850,0,2,1.0,38.4
115196,4,6,4.8,107.0
115224,0,4,2.2,77.6
119435,1,3,3.400,46.5
119653,1,3,2.4,55.0
122087,1,2,4.3,46.2
123377,1,1,4.400,20.2
123626,3,7,1.8,104.0
123627,1,5,3.3,70.0
127394,1,6,3.800,88.9
151080,0,0,1.0,0.0
152031,2,3,1.600,67.4
153847,1,1,4.5,29.1
153920,2,4,1.0,91.0
153974,0,5,5.4,30.8
157722,1,4,3.6,57.6
158076,1,3,3.200,50.9
158924,0,2,7.5,26.3
162117,0,9,"",185.0
162381,0,3,6.100,39.4
167454,0,2,3.900,29.5
170012,6,7,-5.2,213.0
170354,2,13,1.9,167.0
173964,0,2,2.5,45.6
175967,0,7,0.7,140.0
176648,0,3,3.400,46.6
176879,2,4,4.2,59.6
177355,1,8,2.000,143.0
177861,1,3,4.5,74.7
177863,0,4,5.9,52.6
178368,3,4,-3.8,83.6
178565,2,3,3.7,67.4
178795,1,6,3.600,81.5
180089,0,6,4.8,68.6
182951,0,8,4.8,62.6
185588,1,3,3.100,46.5
188694,0,7,4.200,49.2
194454,1,2,2.4,37.3
195429,0,5,2.9,93.5
197225,1,5,3.1,70.0
210326,0,5,4.6,59.1
213012,2,4,1.6,76.2
213013,1,2,4.9,42.0
213016,0,9,4.9,69.5
213021,0,3,1.4,52.3
213031,2,2,4.4,49.3
213032,1,5,5.0,67.9
222548,0,0,4.5,0.0
285670,0,2,1.0,38.4
312440,2,3,1.700,70.7
439306,11,16,-5.8,269.0
439551,3,6,0.200,104.0
439570,0,1,2.4,17.1
441071,0,3,1.900,32.8
441871,6,12,-0.4,192.0
443029,0,3,2.9,45.1
443031,1,12,3.0,144.0
443046,0,7,6.100,59.3
443048,0,6,4.8,72.9
443055,4,6,4.8,107.0
443067,2,3,1.600,67.4
443495,0,2,"",40.1
443629,12,14,-6.3,253.0
445639,1,2,6.500,37.3
448979,1,8,4.2,68.6
449402,1,1,4.5,29.1
455149,11,16,-5.8,269.0
516871,0,2,"",24.8
516872,0,2,"",24.8
516875,0,4,"",74.3
516892,1,3,"",60.4
516893,1,3,"",60.4
517065,0,7,"",118.0
517111,2,3,"",65.2
517165,1,2,"",41.1
522636,3,6,0.200,104.0
546164,0,2,3.4,26.3
546977,1,0,"",0.0
560193,1,6,0.3,115.0
560256,0,2,"",36.3
571084,0,6,4.7,66.4
616765,1,3,3.200,50.9
637511,0,1,1.900,17.1
637563,0,1,3.300,9.2
637566,1,1,2.9,20.2
638011,0,1,3.0,17.1
656671,0,6,"",125.0
688597,3,5,0.7,86.7
697993,1,2,2.400,69.4
969491,0,1,3.7,12.5
1549108,1,1,4.8,20.2
1617113,0,6,4.300,70.5
1747818,0,2,4.4,26.3
1787910,1,1,3.9,20.2
1794807,0,2,4.3,26.3
1794808,0,2,4.3,26.3
2723790,2,1,-0.8,84.1
2723816,0,2,"",40.1
2723872,5,6,-2.8,110.0
2724247,0,2,"",40.1
2734819,1,1,1.400,58.1
2804318,1,4,3.0,83.1
3000605,4,4,1.2,90.2
3001858,2,2,0.7,45.1
3014032,0,2,6.3,12.5
3015768,1,2,1.900,52.3
3017748,0,4,"",78.1
3032296,2,4,"",90.2
3032297,2,4,"",90.2
3032472,1,7,3.700,90.4
3032555,0,4,"",71.9
3032571,2,4,"",90.2
3032572,4,4,1.7,90.2
3032581,2,4,"",90.2
3032604,0,5,1.3,65.1
3032791,4,6,2.6,165.0
3032792,4,6,3.3,165.0
3033865,0,4,5.1,57.0
3034198,0,4,"",59.4
3034285,0,8,3.7,104.0
3034287,1,5,2.4,74.0
3034368,4,8,"",181.0
3034378,0,4,2.7,61.0
3034380,2,2,6.000,65.4
3034435,0,6,1.900,86.1
3037186,4,8,"",181.0
3081363,0,4,4.4,68.6
3083545,0,7,4.9,44.1
3086172,0,4,6.000,59.3
3294375,1,7,4.9,51.2
3317081,0,4,3.2,43.2
3391107,0,3,5.1,22.1
3423265,0,4,"",74.8
3482402,0,2,2.4,29.5
3485262,0,4,"",72.7
3566770,0,2,0.9,36.3
3623881,2,9,2.5,146.0
4131668,2,6,2.5,90.2
4228010,2,4,1.2,90.2
4403158,2,4,"",66.2
4408229,2,3,2.5,82.3
4560140,1,3,4.5,74.7
5280793,1,1,7.4,20.2
5280795,1,1,7.9,20.2
5281162,0,2,4.0,26.3
5281166,1,3,1.6,54.4
5281303,3,16,-0.6,215.0
5281872,0,5,6.000,26.3
5281873,0,7,6.100,59.3
5281874,0,9,5.4,26.3
5281875,2,8,6.4,48.8
5283292,1,1,3.1,20.2
5283295,1,1,4.2,20.2
5283305,1,1,6.4,20.2
5284376,0,2,3.6,45.6
5284389,0,6,6.0,118.0
5284462,0,4,3.500,44.8
5284484,2,4,"",90.2
5284507,1,1,4.6,20.2
5353758,1,4,0.600,76.0
5355863,0,6,1.200,71.1
5360460,0,6,4.400,95.9
5360521,1,4,0.600,76.0
5360962,1,4,1.2,76.0
5361043,1,4,2.2,76.0
5361250,2,5,0.7,104.0
5362131,0,3,2.500,34.5
5362527,1,5,-0.1,93.2
5362811,1,1,2.6,20.2
5363095,0,2,3.7,26.3
5363216,0,2,7.5,26.3
5363233,0,1,3.4,17.1
5363237,0,2,4.8,26.3
5363260,0,2,7.5,26.3
5363261,0,2,7.5,26.3
5363351,1,1,2.700,20.2
5363377,0,2,4.8,26.3
5363381,0,2,4.8,26.3
5363387,0,2,4.8,26.3
5363405,0,2,4.8,26.3
5363527,0,2,4.8,26.3
5363548,0,2,4.8,26.3
5364079,2,5,0.7,104.0
5364468,0,1,5.0,17.1
5364495,0,1,6.1,17.1
5364497,0,1,7.2,17.1
5364643,0,1,6.1,17.1
5364711,0,2,6.9,26.3
5364714,0,2,5.9,26.3
5364932,1,4,2.2,76.0
5365075,0,0,11.7,0.0
5366546,0,3,5.500,35.5
5367650,0,2,5.9,26.3
5367692,0,2,5.9,26.3
5368008,1,4,1.2,76.0
5369793,0,6,4.7,66.4
5371455,0,2,4.0,26.3
5371560,0,5,0.000,65.1
5371562,1,5,-0.200,73.9
5372194,0,10,6.4,65.6
5372405,1,6,2.8,88.9
5372582,0,6,1.000,98.5
5377784,0,4,3.100,44.8
5377791,0,4,3.100,44.8
5463781,0,4,3.9,48.0
5483846,2,6,6.100,79.8
5483847,1,6,3.4,68.6
5483872,1,4,3.2,59.9
5485188,0,6,1.5,115.0
5486793,3,7,1.8,104.0
5493321,0,9,4.9,69.5
5497163,0,6,22.4,78.9
5748526,1,4,2.900,57.6
5821911,0,6,1.5,115.0
5842000,0,4,3.500,44.8
5851439,0,4,4.5,63.7
5889665,0,4,3.9,48.0
6023583,0,3,2.500,34.5
6035168,0,6,4.7,66.4
6089962,0,10,6.4,65.6
6097028,2,4,"",90.6
6100711,2,4,"",90.2
6112114,0,5,4.1,57.1
6125184,3,7,1.8,104.0
6165177,0,9,1.700,160.0
6327054,1,1,"",1.0
6327657,1,1,"",1.0
6328134,1,3,0.0,46.5
6336603,0,3,"",57.2
6386307,0,9,1.700,160.0
6422843,0,5,4.1,65.8
6431341,1,1,5.600,20.2
6432198,1,1,2.3,32.3
6433329,0,4,2.400,44.8
6434236,0,2,6.0,26.3
6435500,0,7,6.100,59.3
6436029,0,2,6.0,26.3
6436449,1,3,3.1,50.9
6436604,1,3,3.6,50.9
6436606,0,12,6.800,85.6
6436633,0,2,5.300,26.3
6436680,0,2,7.5,26.3
6437401,0,2,4.3,26.3
6437842,1,3,3.9,50.9
6440554,0,7,6.100,59.3
6440556,0,7,6.100,59.3
6440557,0,7,6.100,59.3
6440728,1,3,4.2,50.9
6440779,0,2,7.5,26.3
6442842,0,5,6.000,26.3
6450826,0,2,3.5,29.5
6451057,0,5,4.6,54.0
6451139,1,5,4.9,56.3
6451142,2,2,2.7,80.0
6451155,0,4,3.5,47.9
6451159,1,6,4.6,38.3
6455379,0,4,6.000,59.3
6537961,1,3,3.1,50.9
6537963,2,6,6.100,79.8
6540498,1,3,3.200,50.9
6914821,2,3,3.7,67.4
7057995,3,6,1.000,88.4
7082413,0,2,1.0,38.4
9568069,0,6,1.000,98.5
9570071,1,4,1.100,76.0
9570290,0,6,4.400,95.9
9571009,1,5,-0.1,93.2
9576037,1,4,0.0,70.0
9576091,0,8,3.400,122.0
9576412,0,6,4.9,74.9
9578570,0,9,4.9,69.5
9595287,1,5,-0.500,96.3
9601227,0,9,1.700,160.0
9796266,1,4,4.0,94.0
9809914,0,4,8.000,59.3
9827529,2,10,6.2,86.5
9828343,2,7,3.100,94.4
9834513,1,6,0.8,65.8
9862076,0,5,2.6,87.4
9869793,4,6,4.8,107.0
9881821,1,2,"",57.3
9907412,0,4,5.1,52.6
9930667,1,8,3.7,104.0
9948894,0,7,3.0,95.8
9954185,0,10,4.1,79.8
9955886,2,12,2.2,150.0
9969573,1,5,3.2,73.9
10085783,1,4,"",50.9
10110536,1,3,4.7,56.2
10140464,0,5,8.300,27.7
10157484,1,3,5.0,58.6
10219853,0,7,"",92.3
10234702,3,14,4.1,162.0
10238657,0,8,2.4,124.0
10313079,1,1,"",3.2
10342051,0,4,6.200,59.3
10403199,1,4,4.1,70.0
10915750,1,7,3.9,88.4
10935908,1,3,3.3,47.6
10936292,1,4,3.9,59.9
10938769,0,5,6.000,26.3
10958189,2,3,3.7,67.4
11046097,0,3,4.100,46.7
11048796,0,10,5.1,96.6
11057771,0,3,3.7,41.9
11067463,0,4,3.2,43.2
11091168,3,9,1.6,160.0
11097730,2,3,2.800,66.4
11136686,3,14,4.1,162.0
11140605,0,2,3.100,29.5
11150163,0,4,1.600,55.8
11158353,1,8,4.5,42.0
11159021,1,5,4.4,42.0
11174640,2,6,3.3,134.0
11188745,1,9,2.0,85.7
11193251,2,11,5.3,101.0
11205153,1,9,1.2,171.0
11236201,0,5,4.4,102.0
11264867,0,2,5.0,26.3
11271640,2,4,4.8,88.9
11285653,0,8,3.6,57.6
11292824,1,4,3.9,56.8
11302979,1,7,0.9,114.0
11338509,2,5,3.400,93.7
11348992,0,3,3.8,47.4
11350631,0,9,5.4,26.3
11388558,1,6,4.0,75.2
11407474,2,11,1.8,128.0
11419598,3,9,0.5,177.0
11434448,1,5,4.7,46.9
11486133,1,9,2.5,116.0
11488729,0,7,7.1,40.6
11493665,1,4,3.8,91.9
11496052,0,8,5.5,76.4
11496886,3,9,1.900,169.0
11520759,4,12,0.3,220.0
11534837,0,9,5.4,26.3
11549937,3,14,4.1,162.0
11556910,0,11,2.1,91.2
11556911,0,9,2.2,103.0
11571392,1,10,2.100,116.0
11571555,1,13,1.7,138.0
11578610,2,5,3.9,113.0
11585730,2,11,5.2,142.0
11614934,2,10,6.2,86.5
11636326,0,6,5.000,64.8
11650986,4,16,"",199.0
11657899,2,13,3.1,132.0
11664966,0,9,4.9,69.5
11674113,1,3,4.4,46.9
11688533,1,4,3.5,46.9
11693711,1,8,2.0,91.9
11700495,1,10,1.6,107.0
11707647,2,5,2.1,110.0
11714234,0,5,4.7,55.8
11759286,0,4,3.2,43.2
11784975,1,14,2.9,125.0
11842644,1,11,3.1,65.5
11949285,1,6,3.400,81.8
11990852,2,9,2.7,158.0
12056760,0,11,"",115.0
12310947,0,0,4.5,0.0
12313523,1,1,2.3,32.3
12358480,0,1,3.7,12.5
12358497,0,1,3.7,12.5
12573513,0,4,2.400,44.8
12617362,0,4,6.000,59.3
12617363,0,4,6.000,59.3
12617364,0,4,6.000,59.3
12617365,0,4,6.000,59.3
12891182,0,6,"",109.0
13013865,0,2,3.400,29.5
13039062,4,6,4.8,107.0
13072122,0,2,6.2,26.3
13218777,1,3,4.5,74.7
13229577,0,2,5.5,26.3
13307026,4,8,"",181.0
13389335,1,6,"",95.8
13633097,0,3,2.6,57.8
14371531,2,5,0.2,91.7
15056663,0,2,3.2,29.5
15096494,0,2,8.9,26.3
15215907,2,3,3.7,67.4
15558638,0,3,4.800,43.4
15604010,1,4,4.6,69.1
15825719,6,10,"",94.6
16095400,1,7,3.7,46.9
16211101,4,5,"",98.6
16212118,2,3,3.7,67.4
16212969,0,10,6.4,65.6
16213016,0,8,4.600,92.1
16656802,1,6,3.300,74.4
16682746,0,1,"",9.2
16682804,0,2,"",26.3
16683004,0,1,"",9.2
16693908,0,7,"",0.0
16722118,0,9,5.4,26.3
16723172,0,7,2.2,74.5
16752772,0,6,2.3,42.4
17988638,1,9,2.5,116.0
18772482,0,4,5.400,67.9
18772487,0,5,1.3,94.2
19758701,0,6,"",126.0
19977704,4,5,"",102.0
20056430,2,10,6.2,86.5
20056433,0,3,3.6,43.4
20593234,3,6,2.8,120.0
21873022,2,8,"",136.0
21896651,29,47,-21.4,808.0
21954885,3,5,"",108.0
22833361,0,8,"",103.0
22883840,0,4,8.000,59.3
23082663,0,6,3.8,66.9
23615703,3,6,"",84.8
23664719,1,3,"",60.4
23665571,0,2,"",40.1
23665759,0,2,"",40.1
23665760,0,1,"",23.1
23668198,0,6,"",93.5
23676745,0,2,"",40.1
23682187,0,7,"",110.0
24822142,2,4,6.3,88.9
24860538,0,0,4.5,0.0
24864132,0,2,1.0,38.4
25113606,0,2,"",0.0
25271089,1,4,4.0,46.9
29934831,0,5,6.000,26.3
44146693,2,6,3.2,76.7
44151818,0,9,5.6,86.9
44473182,0,10,2.4,141.0
45356890,1,3,4.5,74.7
45358380,0,7,6.100,59.3
46173707,11,16,-5.8,269.0
46174049,0,1,3.7,12.5
46893156,3,14,4.1,162.0
46944253,1,8,4.6,98.2
51039126,1,12,4.4,166.0
53249225,1,2,"",33.1
53297383,1,3,3.200,50.9
53297414,0,11,5.9,111.0
53341374,1,13,7.7,49.4
53491464,1,4,4.0,46.9
53627428,0,9,4.9,69.5
54589430,2,10,2.8,142.0
54598431,1,4,"",69.1
54670067,4,6,-1.600,107.0
54675779,7,10,-1.600,202.0
54676884,1,3,6.9,46.5
54678486,1,4,2.700,63.6
54678504,1,3,4.1,46.5
54680085,2,4,6.100,66.8
54680676,1,3,7.6,46.5
54682651,1,4,3.300,63.6
54689800,1,5,1.800,76.7
54698175,1,7,7.7,55.8
56608859,0,5,6.200,59.3
56840841,0,4,"",71.9
56933411,0,5,4.7,47.4
56945144,1,8,3.2,116.0
56945145,0,11,4.4,101.0
57006186,0,4,6.000,59.3
57343740,1,5,3.9,46.9
57414497,0,7,2.9,72.2
57507888,3,14,4.1,162.0
59558935,0,6,5.000,64.8
59988032,0,6,5.000,64.8
60006000,1,9,2.5,116.0
60202781,0,8,"",113.0
66553206,0,5,4.6,38.1
68289416,1,6,4.1,42.4
70495450,1,7,4.9,74.4
70652048,1,4,3.8,46.9
71230671,1,7,4.0,60.2
71310221,0,8,"",113.0
71312306,0,1,3.7,12.5
71463595,0,6,2.9,93.1
71593923,0,5,6.000,26.3
71657865,1,4,4.7,83.6
72980153,1,9,2.5,116.0
73995022,37,61,-7.1,1110.0
76007601,0,8,"",113.0
76957227,20,40,"",902.0
76959035,2,3,3.7,67.4
86287518,1,4,1.2,86.3
86287519,2,5,1.3,123.0
86287521,1,7,3.300,134.0
86289068,0,6,"",109.0
86572672,0,2,1.0,38.4
86739665,0,5,6.000,26.3
89881183,0,5,4.6,75.3
89968867,0,4,1.6,63.9
90169437,0,13,4.4,153.0
90478478,4,17,"",167.0
101260859,0,1,3.7,12.5
101611446,0,0,4.5,0.0
101678929,3,14,4.1,162.0
101815861,2,5,"",59.5
101815863,2,5,"",59.5
102004933,3,6,0.200,104.0
102515299,4,6,4.8,107.0
118701038,0,0,4.5,0.0
121463656,1,9,4.6,104.0
121494065,0,5,"",77.9
122715527,0,2,4.3,26.3
123670820,0,4,3.2,43.2
124708617,0,2,1.0,38.4
129316835,0,2,1.0,38.4
135398658,6,10,-1.1,209.0
135424353,1,2,1.5,44.7
135424354,2,2,1.7,53.5
135438605,1,5,3.2,84.2
135491728,1,5,3.8,84.2
135491830,1,5,3.6,84.2
135492483,1,4,4.1,58.9
135499147,1,5,3.2,84.2
135503327,1,5,3.6,84.2
135515530,1,8,5.0,50.7
135529435,2,5,1.3,123.0
135565117,1,6,5.6,93.4
135571111,1,6,3.2,85.2
135585373,1,5,2.6,68.1
135616186,1,5,3.2,84.2
135618618,1,6,5.6,93.4
135779804,2,5,1.3,123.0
135846942,1,5,3.6,84.2
136257761,2,5,1.3,123.0
136737979,1,5,3.6,84.2
137195227,1,6,5.6,93.4
146158032,2,5,1.3,123.0
154734794,21,33,-13.6,536.0
